participant_id	condit	gender	race	age	yrschool	saps7	sans8	z_pos_4grp	z_neg_4grp	z_dis_4grp	d4prime	TRAILB	WCSTPSVE	WAIS_MATRICS_SCALE	LOGIALMEMORY_SCALE	LNS_SCALE	DST_SCALE	nback2_targ	nback2_targ_medrt
sub-01	SCZ	MALE	WHITE	28.961	12	0	3.0	0.21666	0.95488	0.29352	1.451	65.47	7	8	10	8	10.0	0.75	724.0
sub-02	SCZ-SIB	MALE	WHITE	26.8419	16	0	0.0	-0.44948999999999995	-0.60788	-0.5213899999999999	1.952	40.56	4	12	16	9	12.0	0.916666667	920.0
sub-10	CON-SIB	FEMALE	AA	24.5941	15	0	0.0	-0.48266000000000003	-0.59082	-0.10709	3.669	37.83	6	13	13	12	12.0	1.0	740.0
sub-11	CON	MALE	AA	27.5838	15	0	0.0	-0.45022	-0.57633	-0.31424	2.078	42.23	4	15	16	10	12.0	0.916666667	955.0
